GROUP,PACKAGE,CLASS,INSTRUCTION_MISSED,INSTRUCTION_COVERED,BRANCH_MISSED,BRANCH_COVERED,LINE_MISSED,LINE_COVERED,COMPLEXITY_MISSED,COMPLEXITY_COVERED,METHOD_MISSED,METHOD_COVERED
Assignment for class CS5010,edu.neu.ccs.cs5010.assignment6.sequential.javautil,CommandLineProcessor,0,303,0,20,0,74,0,13,0,3
Assignment for class CS5010,edu.neu.ccs.cs5010.assignment6.sequential.javautil,LineParserUtil,0,168,1,11,0,29,1,9,0,4
Assignment for class CS5010,edu.neu.ccs.cs5010.assignment6.sequential.javautil,BufferedReaderUtil,3,62,0,2,2,13,0,3,0,2
Assignment for class CS5010,edu.neu.ccs.cs5010.assignment6.sequential.pojo,MapBuilder,0,282,0,4,0,45,0,12,0,10
Assignment for class CS5010,edu.neu.ccs.cs5010.assignment6.sequential.pojo,FileWriter,108,614,1,11,6,83,1,9,0,4
Assignment for class CS5010,edu.neu.ccs.cs5010.assignment6.sequential.pojo,GetPercentile,0,119,0,10,0,21,0,9,0,4
Assignment for class CS5010,edu.neu.ccs.cs5010.assignment6.concurrent,ConcurrentOutputObject,3,529,1,19,1,112,2,31,1,22
Assignment for class CS5010,edu.neu.ccs.cs5010.assignment6.concurrent,ConcurrentProcess,0,135,2,8,0,36,2,6,0,3
Assignment for class CS5010,edu.neu.ccs.cs5010.assignment6.concurrent,CallableProcess,0,20,0,0,0,7,0,2,0,2
Assignment for class CS5010,edu.neu.ccs.cs5010.assignment6.concurrent,SystemService,11,0,0,0,4,0,2,0,2,0
Assignment for class CS5010,edu.neu.ccs.cs5010.assignment6.concurrent,ConcurrentMapBuilder,0,111,0,4,0,19,0,6,0,4
Assignment for class CS5010,edu.neu.ccs.cs5010.assignment6.concurrent,ConcurrentFileWriter,48,584,0,8,6,94,0,10,0,6
Assignment for class CS5010,edu.neu.ccs.cs5010.assignment6.concurrent,ProcessLines,20,0,0,0,7,0,2,0,2,0
Assignment for class CS5010,edu.neu.ccs.cs5010.assignment6.sequential.exception,IllegalColumnNumberException,0,4,0,0,0,2,0,1,0,1
Assignment for class CS5010,edu.neu.ccs.cs5010.assignment6.sequential.exception,NullArgumentException,0,4,0,0,0,2,0,1,0,1
Assignment for class CS5010,edu.neu.ccs.cs5010.assignment6.sequential.exception,IllegalThresholdException,0,4,0,0,0,2,0,1,0,1
